{
 "K": [
  [
   841.220550791129,
   0.0,
   321.0279793227625
  ],
  [
   0.0,
   842.292329231311,
   219.18811118755693
  ],
  [
   0.0,
   0.0,
   1.0
  ]
 ],
 "d": 3,
 "distortion": [
  [
   -0.3348723642437071,
   4.461401090533099,
   -0.0033163403612778163,
   0.004143946705037636,
   -17.773372676853455
  ]
 ],
 "h": 2,
 "pan": 0,
 "tilt": 30
}