{
 "K": [
  [
   1398.751072433755,
   0.0,
   313.5994342392684
  ],
  [
   0.0,
   556.0616182801598,
   180.16480274804388
  ],
  [
   0.0,
   0.0,
   1.0
  ]
 ],
 "d": 3,
 "distortion": [
  [
   1.3404784254450495,
   -16.157239233801587,
   -0.1496053275679492,
   0.0048218402444961,
   43.768335859803656
  ]
 ],
 "h": 2,
 "pan": 0,
 "tilt": 30
}